<?xml version="1.0" encoding="UTF-8"?>
<project-private xmlns="http://www.netbeans.org/ns/project-private/1">
    <editor-bookmarks xmlns="http://www.netbeans.org/ns/editor-bookmarks/2" lastBookmarkId="0"/>
    <open-files xmlns="http://www.netbeans.org/ns/projectui-open-files/2">
        <group>
            <file>file:/C:/Users/Harish/Documents/BBB/2/Modul%20120/Bärenspiel/src/bärenspiel/Main.fxml</file>
            <file>file:/C:/Users/Harish/Documents/BBB/2/Modul%20120/Bärenspiel/src/bärenspiel/SecondController.java</file>
            <file>file:/C:/Users/Harish/Documents/BBB/2/Modul%20120/Bärenspiel/src/bärenspiel/MainController.java</file>
            <file>file:/C:/Users/Harish/Documents/BBB/2/Modul%20120/Bärenspiel/src/bärenspiel/Second.fxml</file>
            <file>file:/C:/Users/Harish/Documents/BBB/2/Modul%20120/Bärenspiel/src/bärenspiel/Bärenspiel.java</file>
        </group>
    </open-files>
</project-private>
